{
  "main": {
    "id": "1583551480b9ed31",
    "type": "split",
    "children": [
      {
        "id": "28643ffb12ce2a7f",
        "type": "tabs",
        "children": [
          {
            "id": "e8e80378bfe6677d",
            "type": "leaf",
            "state": {
              "type": "markdown",
              "state": {
                "file": "Introduction to OOP.md",
                "mode": "source",
                "source": false
              }
            }
          }
        ]
      }
    ],
    "direction": "vertical"
  },
  "left": {
    "id": "edf03f21bec3c008",
    "type": "mobile-drawer",
    "children": [
      {
        "id": "cc26717ffb501446",
        "type": "leaf",
        "state": {
          "type": "file-explorer",
          "state": {
            "sortOrder": "alphabetical"
          }
        }
      },
      {
        "id": "ea45b22eb2d6c28d",
        "type": "leaf",
        "state": {
          "type": "search",
          "state": {
            "query": "tag:#Questions",
            "matchingCase": false,
            "explainSearch": false,
            "collapseAll": false,
            "extraContext": false,
            "sortOrder": "alphabetical"
          }
        }
      },
      {
        "id": "f51474f8f894e153",
        "type": "leaf",
        "state": {
          "type": "tag",
          "state": {
            "sortOrder": "frequency",
            "useHierarchy": true
          }
        }
      },
      {
        "id": "2058ffe5deffe887",
        "type": "leaf",
        "state": {
          "type": "bookmarks",
          "state": {}
        }
      }
    ],
    "currentTab": 1
  },
  "right": {
    "id": "e48f6dcd77ed19e8",
    "type": "mobile-drawer",
    "children": [
      {
        "id": "e7e37bbacf29cf1c",
        "type": "leaf",
        "state": {
          "type": "backlink",
          "state": {
            "file": "Introduction to OOP.md",
            "collapseAll": false,
            "extraContext": false,
            "sortOrder": "alphabetical",
            "showSearch": false,
            "searchQuery": "",
            "backlinkCollapsed": false,
            "unlinkedCollapsed": true
          }
        }
      },
      {
        "id": "bf37e1b0cbc90e7c",
        "type": "leaf",
        "state": {
          "type": "outgoing-link",
          "state": {
            "file": "Introduction to OOP.md",
            "linksCollapsed": false,
            "unlinkedCollapsed": true
          }
        }
      },
      {
        "id": "bac2d2c37c8980de",
        "type": "leaf",
        "state": {
          "type": "outline",
          "state": {
            "file": "Introduction to OOP.md"
          }
        }
      }
    ],
    "currentTab": 0
  },
  "left-ribbon": {
    "hiddenItems": {
      "switcher:Open quick switcher": false,
      "graph:Open graph view": false,
      "canvas:Create new canvas": false,
      "daily-notes:Open today's daily note": false,
      "templates:Insert template": false,
      "command-palette:Open command palette": false
    }
  },
  "active": "e8e80378bfe6677d",
  "lastOpenFiles": [
    "Introduction.md",
    "Introduction to OOP.md",
    "Inheritance.md",
    "Generics.md",
    "Interfaces & Exceptions.md",
    "Untitled.md",
    "Polymorphism.md",
    "Strings & Introduction to Object Oriented Programming III.md",
    "Introduction to Object Oriented Programming I&II.md",
    "Methods, Classes, and Objects.md",
    "Arrays.md",
    "Control Statements & Loops.md",
    "Intro to Java.md",
    "UML Class Diagram.md",
    "Overview of UML / Use Case diagrams & descriptions.md",
    "Software laws and Professionalism.md",
    "Sketching and Lo-fi prototyping.md",
    "Pasted image 20240502025135.png",
    "Pasted image 20240502025059.png",
    "What are Requirements.md",
    "Pasted image 20240425233140.png",
    "Pasted image 20240425233122.png",
    "Pasted image 20240425233100.png",
    "Class Modelling.md",
    "Pasted image 20240425010815.png",
    "Pasted image 20240425010659.png",
    "Pasted image 20240425010524.png",
    "Pasted image 20240425010447.png",
    "Pasted image 20240425010404.png",
    "Introduction to version control with git.md",
    "Branching, Merging and resolving merge conflicts with git.md",
    "Requirements gathering (Quantitative & Qualitative User Studies).md",
    "Non-functional Requirements.md",
    "Functional Requirements.md",
    "Close ended question.png.md",
    "download2.md",
    "Overview of UML "
  ]
}